{
  "consumer": {
    "name": "jmarie"
  },
  "provider": {
    "name": "loginprovider"
  },
  "interactions": [
    {
      "description": "A request to login with user 'jmarie'",
      "providerState": "User jmarie exists",
      "request": {
        "method": "POST",
        "path": "/login/10",
        "query": "foo=bar",
        "headers": {
          "Content-Type": "application/json; charset=utf-8"
        },
        "body": {
          "username": "jmarie",
          "password": "issilly"
        },
        "matchingRules": {
          "$.path": {
            "match": "regex",
            "regex": "\\/login\\/[0-9]+"
          },
          "$.query.foo[0]": {
            "match": "regex",
            "regex": "[a-zA-Z]+"
          },
          "$.headers.Content-Type": {
            "match": "regex",
            "regex": "application\\/json"
          }
        }
      },
      "response": {
        "status": 200,
        "headers": {
          "Content-Type": "application/json; charset=utf-8",
          "X-Api-Correlation-Id": "100",
          "X-Auth-Token": "1234"
        },
        "body": {
          "user": {
            "id": 1,
            "name": "Jean-Marie de La Beaujardière😀😍",
            "password": "password123",
            "type": "admin",
            "username": "jmarie"
          }
        },
        "matchingRules": {
          "$.headers.Content-Type": {
            "match": "regex",
            "regex": "application\\/json"
          },
          "$.headers.X-Api-Correlation-Id": {
            "match": "type"
          },
          "$.headers.X-Auth-Token": {
            "match": "type"
          },
          "$.body.user.id": {
            "match": "type"
          },
          "$.body.user.name": {
            "match": "type"
          },
          "$.body.user.password": {
            "match": "type"
          },
          "$.body.user.type": {
            "match": "regex",
            "regex": "^(admin|user|guest)$"
          },
          "$.body.user.username": {
            "match": "type"
          }
        }
      }
    },
    {
      "description": "A request to login with user 'jmarie'",
      "providerState": "User jmarie does not exist",
      "request": {
        "method": "POST",
        "path": "/login/10",
        "query": "foo=anything",
        "headers": {
          "Content-Type": "application/json; charset=utf-8"
        },
        "body": {
          "username": "jmarie",
          "password": "issilly"
        },
        "matchingRules": {
          "$.headers.Content-Type": {
            "match": "regex",
            "regex": "application\\/json"
          }
        }
      },
      "response": {
        "status": 404,
        "headers": {
          "Content-Type": "application/json; charset=utf-8"
        },
        "matchingRules": {
          "$.headers.Content-Type": {
            "match": "regex",
            "regex": "application\\/json"
          }
        }
      }
    },
    {
      "description": "A request to login with user 'jmarie'",
      "providerState": "User jmarie is unauthorized",
      "request": {
        "method": "POST",
        "path": "/login/10",
        "headers": {
          "Content-Type": "application/json; charset=utf-8"
        },
        "body": {
          "username": "jmarie",
          "password": "issilly"
        },
        "matchingRules": {
          "$.headers.Content-Type": {
            "match": "regex",
            "regex": "application\\/json"
          }
        }
      },
      "response": {
        "status": 401,
        "headers": {
          "Content-Type": "application/json; charset=utf-8"
        },
        "matchingRules": {
          "$.headers.Content-Type": {
            "match": "regex",
            "regex": "application\\/json"
          }
        }
      }
    },
    {
      "description": "A request to get user 'jmarie'",
      "providerState": "User jmarie is authenticated",
      "request": {
        "method": "GET",
        "path": "/users/10",
        "headers": {
          "Authorization": "Bearer 1234"
        }
      },
      "response": {
        "status": 200,
        "headers": {
          "Content-Type": "application/json; charset=utf-8"
        },
        "body": {
          "id": 1,
          "name": "Jean-Marie de La Beaujardière😀😍",
          "password": "password123",
          "type": "admin",
          "username": "jmarie"
        },
        "matchingRules": {
          "$.headers.Content-Type": {
            "match": "regex",
            "regex": "application\\/json"
          },
          "$.body.id": {
            "match": "type"
          },
          "$.body.name": {
            "match": "type"
          },
          "$.body.password": {
            "match": "type"
          },
          "$.body.type": {
            "match": "regex",
            "regex": "^(admin|user|guest)$"
          },
          "$.body.username": {
            "match": "type"
          }
        }
      }
    },
    {
      "description": "A request to get with user 'jmarie'",
      "providerState": "User jmarie is unauthenticated",
      "request": {
        "method": "GET",
        "path": "/users/10",
        "headers": {
          "Content-Type": "application/json; charset=utf-8"
        },
        "matchingRules": {
          "$.headers.Content-Type": {
            "match": "regex",
            "regex": "application\\/json"
          }
        }
      },
      "response": {
        "status": 401,
        "headers": {
          "Content-Type": "application/json; charset=utf-8"
        },
        "matchingRules": {
          "$.headers.Content-Type": {
            "match": "regex",
            "regex": "application\\/json"
          }
        }
      }
    }
  ],
  "metadata": {
    "pactSpecification": {
      "version": "2.0.0"
    }
  }
}