{
	"ImportPath": "github.com/hudl/fargo",
	"GoVersion": "go1.6.2",
	"Deps": [
		{
			"ImportPath": "github.com/cenkalti/backoff",
			"Rev": "4dc77674aceaabba2c7e3da25d4c823edfb73f99"
		},
		{
			"ImportPath": "github.com/clbanning/x2j",
			"Rev": "5ee34bb343f10ecfc125261107681de62f985cf6"
		},
		{
			"ImportPath": "github.com/franela/goreq",
			"Rev": "9df54ca75ad62b6295f33ca96e16a2ca10bc137a"
		},
		{
			"ImportPath": "github.com/jtolds/gls",
			"Rev": "9a4a02dbe491bef4bab3c24fd9f3087d6c4c6690"
		},
		{
			"ImportPath": "github.com/miekg/dns",
			"Rev": "f01e44c2fdbf755201344b5b7917f974a4badd13"
		},
		{
			"ImportPath": "github.com/op/go-logging",
			"Comment": "v1-5-gd2e44aa",
			"Rev": "d2e44aa77b7195c0ef782189985dd8550e22e4de"
		},
		{
			"ImportPath": "github.com/smartystreets/assertions",
			"Comment": "1.6.0-10-g2063fd1",
			"Rev": "2063fd1cc7c975db70502811a34b06ad034ccdf2"
		},
		{
			"ImportPath": "github.com/smartystreets/goconvey/convey",
			"Comment": "1.6.2-4-g4622128",
			"Rev": "4622128e06c77c0174e17a7f0ed2db19a989b473"
		},
		{
			"ImportPath": "gopkg.in/gcfg.v1",
			"Rev": "0ef1a8547f99b94fac9af5377dd72febba18f37c"
		}
	]
}
