{
  "clusterAPIControllerAWS": "docker.io/openshift/origin-aws-machine-controllers:v4.0.0",
  "clusterAPIControllerOpenStack": "docker.io/openshift/origin-openstack-machine-controllers:v4.0.0",
  "clusterAPIControllerLibvirt": "docker.io/openshift/origin-libvirt-machine-controllers:v4.0.0",
  "machineAPIOperator": "docker.io/openshift/origin-machine-api-operator:v4.0.0",
  "clusterAPIControllerBareMetal": "quay.io/openshift/origin-baremetal-machine-controllers:v4.0.0",
  "clusterAPIControllerAzure": "quay.io/openshift/origin-azure-machine-controllers:v4.0.0",
  "clusterAPIControllerGCP": "quay.io/openshift/origin-gcp-machine-controllers:v4.0.0",
  "clusterAPIControllerOvirt": "quay.io/openshift/origin-ovirt-machine-controllers",
  "clusterAPIControllerVSphere": "docker.io/openshift/origin-machine-api-operator:v4.0.0",
  "clusterAPIControllerKubevirt": "quay.io/openshift/origin-kubevirt-machine-controllers",
  "kubeRBACProxy": "docker.io/openshift/origin-kube-rbac-proxy:v4.0.0"
}
