<filetype binary="false" description="QuickTemplate" name="QuickTemplate">
    <highlighting>
        <options>
            <option name="LINE_COMMENT" value="//" />
            <option name="COMMENT_START" value="" />
            <option name="COMMENT_END" value="" />
            <option name="HEX_PREFIX" value="" />
            <option name="NUM_POSTFIXES" value="" />
        </options>
        <keywords keywords="case;cat;code;collapsespace;comment;default;else;elseif;endcollapsespace;endcomment;endfor;endfunc;endif;endplain;endstripspace;endswitch;for;func;if;import;interface;package;plain;space;stripspace;struct;switch;type" ignore_case="false" />
        <keywords3 keywords="{%=;{%=h;{%=j;{%=jh;{%=q;{%=qh;{%=u;{%=uh;{%d;{%d=;{%f;{%f.;{%f.=;{%f=;{%j;{%j=;{%q;{%q=;{%s=;{%u;{%u=;{%uz;{%uz=;{%v;{%v=;{%z;{%z=" />
    </highlighting>
    <extensionMap>
        <mapping ext="qtpl" />
    </extensionMap>
</filetype>